INSERT INTO ID81394_bartvdb.admins (adm_id, adm_firstname, adm_lastname, adm_email, adm_password) VALUES (1, 'Davy', 'Parys', 'davy@chuck.be', 'test');
INSERT INTO ID81394_bartvdb.allergies (all_id, all_name) VALUES (1, 'noten');
INSERT INTO ID81394_bartvdb.allergies (all_id, all_name) VALUES (2, 'brood');
INSERT INTO ID81394_bartvdb.allergies (all_id, all_name) VALUES (3, 'melk');
INSERT INTO ID81394_bartvdb.allergies (all_id, all_name) VALUES (4, 'vis');
INSERT INTO ID81394_bartvdb.allergies (all_id, all_name) VALUES (5, 'tomaat');
INSERT INTO ID81394_bartvdb.ingredients (ing_id, ing_name) VALUES (1, 'aardappel');
INSERT INTO ID81394_bartvdb.ingredients (ing_id, ing_name) VALUES (2, 'honing');
INSERT INTO ID81394_bartvdb.ingredients (ing_id, ing_name) VALUES (3, 'appel');
INSERT INTO ID81394_bartvdb.ingredients (ing_id, ing_name) VALUES (4, 'avocado');
INSERT INTO ID81394_bartvdb.ingredients (ing_id, ing_name) VALUES (5, 'kip');
INSERT INTO ID81394_bartvdb.ingredients (ing_id, ing_name) VALUES (6, 'pasta');
INSERT INTO ID81394_bartvdb.ingredients (ing_id, ing_name) VALUES (7, 'tomaat');
INSERT INTO ID81394_bartvdb.ingredients (ing_id, ing_name) VALUES (8, 'champignon');
INSERT INTO ID81394_bartvdb.ingredients (ing_id, ing_name) VALUES (9, 'spinazie');
INSERT INTO ID81394_bartvdb.ingredients (ing_id, ing_name) VALUES (10, 'wortel');
INSERT INTO ID81394_bartvdb.ingredients (ing_id, ing_name) VALUES (11, 'melk');
INSERT INTO ID81394_bartvdb.ingredients (ing_id, ing_name) VALUES (12, 'bloem');
INSERT INTO ID81394_bartvdb.ingredients (ing_id, ing_name) VALUES (13, 'paprika');
INSERT INTO ID81394_bartvdb.ingredients (ing_id, ing_name) VALUES (14, 'bouillon');
INSERT INTO ID81394_bartvdb.ingredients (ing_id, ing_name) VALUES (15, 'aubergine');
INSERT INTO ID81394_bartvdb.ingredients (ing_id, ing_name) VALUES (16, 'lamsgehakt');
INSERT INTO ID81394_bartvdb.ingredients (ing_id, ing_name) VALUES (17, 'courgette');
INSERT INTO ID81394_bartvdb.ingredients (ing_id, ing_name) VALUES (18, 'schapenkaas');
INSERT INTO ID81394_bartvdb.ingredients (ing_id, ing_name) VALUES (19, 'worst');
INSERT INTO ID81394_bartvdb.ingredients (ing_id, ing_name) VALUES (20, 'rijst');
INSERT INTO ID81394_bartvdb.ingredients (ing_id, ing_name) VALUES (21, 'erwt');
INSERT INTO ID81394_bartvdb.ingredients (ing_id, ing_name) VALUES (22, 'ei');
INSERT INTO ID81394_bartvdb.ingredients (ing_id, ing_name) VALUES (23, 'noten');
INSERT INTO ID81394_bartvdb.ingredients (ing_id, ing_name) VALUES (24, 'brood');
INSERT INTO ID81394_bartvdb.ingredients (ing_id, ing_name) VALUES (25, 'melk');
INSERT INTO ID81394_bartvdb.ingredients (ing_id, ing_name) VALUES (26, 'vis');
INSERT INTO ID81394_bartvdb.ingredients (ing_id, ing_name) VALUES (27, 'garnalen');
INSERT INTO ID81394_bartvdb.ingredients (ing_id, ing_name) VALUES (32, 'mango');
INSERT INTO ID81394_bartvdb.meals (mls_id, mls_name, mls_description, mls_price, mls_take_start, mls_take_end, fk_typ_id) VALUES (1, 'Lasagne', 'Met spinazie en ricotta', '5', '2019-05-23 14:25:32', '2019-05-23 18:25:41', 1);
INSERT INTO ID81394_bartvdb.meals (mls_id, mls_name, mls_description, mls_price, mls_take_start, mls_take_end, fk_typ_id) VALUES (2, 'Kippensoep', 'Met verse kip en koriander', '3', null, null, 3);
INSERT INTO ID81394_bartvdb.meals (mls_id, mls_name, mls_description, mls_price, mls_take_start, mls_take_end, fk_typ_id) VALUES (3, 'Wortelstoemp met chipolata', null, '4', null, null, 3);
INSERT INTO ID81394_bartvdb.meals (mls_id, mls_name, mls_description, mls_price, mls_take_start, mls_take_end, fk_typ_id) VALUES (4, 'Nasi goreng', null, '4', null, null, 1);
INSERT INTO ID81394_bartvdb.meals (mls_id, mls_name, mls_description, mls_price, mls_take_start, mls_take_end, fk_typ_id) VALUES (5, 'Moussaka', null, '5', null, null, 3);
INSERT INTO ID81394_bartvdb.`meals/ingredients` (mls_ing_id, fk_mls_id, fk_ing_id) VALUES (1, 1, 6);
INSERT INTO ID81394_bartvdb.`meals/ingredients` (mls_ing_id, fk_mls_id, fk_ing_id) VALUES (2, 1, 7);
INSERT INTO ID81394_bartvdb.`meals/ingredients` (mls_ing_id, fk_mls_id, fk_ing_id) VALUES (3, 1, 8);
INSERT INTO ID81394_bartvdb.`meals/ingredients` (mls_ing_id, fk_mls_id, fk_ing_id) VALUES (4, 1, 9);
INSERT INTO ID81394_bartvdb.`meals/ingredients` (mls_ing_id, fk_mls_id, fk_ing_id) VALUES (5, 1, 10);
INSERT INTO ID81394_bartvdb.`meals/ingredients` (mls_ing_id, fk_mls_id, fk_ing_id) VALUES (6, 1, 11);
INSERT INTO ID81394_bartvdb.`meals/ingredients` (mls_ing_id, fk_mls_id, fk_ing_id) VALUES (7, 1, 12);
INSERT INTO ID81394_bartvdb.`meals/ingredients` (mls_ing_id, fk_mls_id, fk_ing_id) VALUES (8, 1, 13);
INSERT INTO ID81394_bartvdb.`meals/ingredients` (mls_ing_id, fk_mls_id, fk_ing_id) VALUES (9, 2, 5);
INSERT INTO ID81394_bartvdb.`meals/ingredients` (mls_ing_id, fk_mls_id, fk_ing_id) VALUES (11, 2, 14);
INSERT INTO ID81394_bartvdb.`meals/ingredients` (mls_ing_id, fk_mls_id, fk_ing_id) VALUES (12, 3, 1);
INSERT INTO ID81394_bartvdb.`meals/ingredients` (mls_ing_id, fk_mls_id, fk_ing_id) VALUES (13, 3, 10);
INSERT INTO ID81394_bartvdb.`meals/ingredients` (mls_ing_id, fk_mls_id, fk_ing_id) VALUES (14, 3, 19);
INSERT INTO ID81394_bartvdb.`meals/ingredients` (mls_ing_id, fk_mls_id, fk_ing_id) VALUES (15, 4, 20);
INSERT INTO ID81394_bartvdb.`meals/ingredients` (mls_ing_id, fk_mls_id, fk_ing_id) VALUES (16, 4, 5);
INSERT INTO ID81394_bartvdb.`meals/ingredients` (mls_ing_id, fk_mls_id, fk_ing_id) VALUES (17, 4, 10);
INSERT INTO ID81394_bartvdb.`meals/ingredients` (mls_ing_id, fk_mls_id, fk_ing_id) VALUES (18, 4, 21);
INSERT INTO ID81394_bartvdb.`meals/ingredients` (mls_ing_id, fk_mls_id, fk_ing_id) VALUES (19, 4, 22);
INSERT INTO ID81394_bartvdb.`meals/ingredients` (mls_ing_id, fk_mls_id, fk_ing_id) VALUES (20, 5, 1);
INSERT INTO ID81394_bartvdb.`meals/ingredients` (mls_ing_id, fk_mls_id, fk_ing_id) VALUES (21, 5, 15);
INSERT INTO ID81394_bartvdb.`meals/ingredients` (mls_ing_id, fk_mls_id, fk_ing_id) VALUES (22, 5, 16);
INSERT INTO ID81394_bartvdb.`meals/ingredients` (mls_ing_id, fk_mls_id, fk_ing_id) VALUES (23, 5, 10);
INSERT INTO ID81394_bartvdb.`meals/ingredients` (mls_ing_id, fk_mls_id, fk_ing_id) VALUES (24, 5, 7);
INSERT INTO ID81394_bartvdb.`meals/ingredients` (mls_ing_id, fk_mls_id, fk_ing_id) VALUES (25, 5, 11);
INSERT INTO ID81394_bartvdb.`meals/ingredients` (mls_ing_id, fk_mls_id, fk_ing_id) VALUES (26, 5, 17);
INSERT INTO ID81394_bartvdb.`meals/ingredients` (mls_ing_id, fk_mls_id, fk_ing_id) VALUES (27, 5, 18);
INSERT INTO ID81394_bartvdb.orders (ord_id, fk_usr_chef_id, fk_usr_cons_id, fk_mls_id, fk_rat_id) VALUES (3, 1, 1, 1, null);
INSERT INTO ID81394_bartvdb.orders (ord_id, fk_usr_chef_id, fk_usr_cons_id, fk_mls_id, fk_rat_id) VALUES (4, 1, 2, 1, null);
INSERT INTO ID81394_bartvdb.orders (ord_id, fk_usr_chef_id, fk_usr_cons_id, fk_mls_id, fk_rat_id) VALUES (5, 1, null, 1, null);
INSERT INTO ID81394_bartvdb.orders (ord_id, fk_usr_chef_id, fk_usr_cons_id, fk_mls_id, fk_rat_id) VALUES (6, 1, null, 1, null);
INSERT INTO ID81394_bartvdb.orders (ord_id, fk_usr_chef_id, fk_usr_cons_id, fk_mls_id, fk_rat_id) VALUES (7, 1, null, 1, null);
INSERT INTO ID81394_bartvdb.orders (ord_id, fk_usr_chef_id, fk_usr_cons_id, fk_mls_id, fk_rat_id) VALUES (8, 4, null, 2, null);
INSERT INTO ID81394_bartvdb.orders (ord_id, fk_usr_chef_id, fk_usr_cons_id, fk_mls_id, fk_rat_id) VALUES (9, 4, null, 2, null);
INSERT INTO ID81394_bartvdb.orders (ord_id, fk_usr_chef_id, fk_usr_cons_id, fk_mls_id, fk_rat_id) VALUES (10, 3, 1, 3, 2);
INSERT INTO ID81394_bartvdb.orders (ord_id, fk_usr_chef_id, fk_usr_cons_id, fk_mls_id, fk_rat_id) VALUES (11, 3, 2, 3, 3);
INSERT INTO ID81394_bartvdb.orders (ord_id, fk_usr_chef_id, fk_usr_cons_id, fk_mls_id, fk_rat_id) VALUES (12, 3, 4, 3, 4);
INSERT INTO ID81394_bartvdb.orders (ord_id, fk_usr_chef_id, fk_usr_cons_id, fk_mls_id, fk_rat_id) VALUES (13, 3, 1, 4, 2);
INSERT INTO ID81394_bartvdb.orders (ord_id, fk_usr_chef_id, fk_usr_cons_id, fk_mls_id, fk_rat_id) VALUES (14, 3, 4, 4, 3);
INSERT INTO ID81394_bartvdb.orders (ord_id, fk_usr_chef_id, fk_usr_cons_id, fk_mls_id, fk_rat_id) VALUES (15, 4, 2, 5, 3);
INSERT INTO ID81394_bartvdb.orders (ord_id, fk_usr_chef_id, fk_usr_cons_id, fk_mls_id, fk_rat_id) VALUES (16, 4, 3, 5, 3);
INSERT INTO ID81394_bartvdb.ratings (rat_id, rat_weight, rat_name, rat_url) VALUES (1, -10, 'terrible', null);
INSERT INTO ID81394_bartvdb.ratings (rat_id, rat_weight, rat_name, rat_url) VALUES (2, 0, 'neutral', null);
INSERT INTO ID81394_bartvdb.ratings (rat_id, rat_weight, rat_name, rat_url) VALUES (3, 5, 'good', null);
INSERT INTO ID81394_bartvdb.ratings (rat_id, rat_weight, rat_name, rat_url) VALUES (4, 10, 'very good', null);
INSERT INTO ID81394_bartvdb.ratings (rat_id, rat_weight, rat_name, rat_url) VALUES (5, 15, 'excellent', null);
INSERT INTO ID81394_bartvdb.types (typ_id, typ_name) VALUES (1, 'vegetarisch');
INSERT INTO ID81394_bartvdb.types (typ_id, typ_name) VALUES (3, 'veganistisch');
INSERT INTO ID81394_bartvdb.types (typ_id, typ_name) VALUES (4, 'vlees');
INSERT INTO ID81394_bartvdb.types (typ_id, typ_name) VALUES (5, 'vis');
INSERT INTO ID81394_bartvdb.users (usr_id, usr_firstname, usr_lastname, usr_email, usr_password, usr_street, usr_housenumber, usr_telephone, usr_profile_url, fk_zip_id) VALUES (1, 'Davy', 'Parys', 'davy@chuck.be', 'wachtwoord', 'Frankenweg', 34, '0496215014', '', 2);
INSERT INTO ID81394_bartvdb.users (usr_id, usr_firstname, usr_lastname, usr_email, usr_password, usr_street, usr_housenumber, usr_telephone, usr_profile_url, fk_zip_id) VALUES (2, 'Karel', 'Brijs', 'Karel@chuck.be', 'nogeenwachtw', 'Sint-gummarusstraat', 21, '047575372', '', 2);
INSERT INTO ID81394_bartvdb.users (usr_id, usr_firstname, usr_lastname, usr_email, usr_password, usr_street, usr_housenumber, usr_telephone, usr_profile_url, fk_zip_id) VALUES (3, 'Ann-Sophie', 'De Ganck', 'ann-sophie.dg@hotmail.com', 'annso', 'flamingostraat', 89, '0472283199', null, 5);
INSERT INTO ID81394_bartvdb.users (usr_id, usr_firstname, usr_lastname, usr_email, usr_password, usr_street, usr_housenumber, usr_telephone, usr_profile_url, fk_zip_id) VALUES (4, 'Sam', 'Andries', 'sam@syntra.be', 'test', 'foreestelaan', 1, '0475932819', null, 1);
INSERT INTO ID81394_bartvdb.users (usr_id, usr_firstname, usr_lastname, usr_email, usr_password, usr_street, usr_housenumber, usr_telephone, usr_profile_url, fk_zip_id) VALUES (5, 'Bart', 'Van den Bergh', 'bartvdb@outlook.be', null, 'maalstraat', 14, null, null, 2);
INSERT INTO ID81394_bartvdb.`users/allergies` (fk_usr_id, fk_ing_all_id) VALUES (1, 23);
INSERT INTO ID81394_bartvdb.`users/allergies` (fk_usr_id, fk_ing_all_id) VALUES (3, 24);
INSERT INTO ID81394_bartvdb.`users/allergies` (fk_usr_id, fk_ing_all_id) VALUES (3, 25);
INSERT INTO ID81394_bartvdb.`users/allergies` (fk_usr_id, fk_ing_all_id) VALUES (3, 21);
INSERT INTO ID81394_bartvdb.zipcodes (zip_id, zip_zipcode, zip_city) VALUES (1, 2800, 'Mechelen');
INSERT INTO ID81394_bartvdb.zipcodes (zip_id, zip_zipcode, zip_city) VALUES (2, 2500, 'Lier');
INSERT INTO ID81394_bartvdb.zipcodes (zip_id, zip_zipcode, zip_city) VALUES (3, 2000, 'Antwerpen');
INSERT INTO ID81394_bartvdb.zipcodes (zip_id, zip_zipcode, zip_city) VALUES (4, 9340, 'Lede');
INSERT INTO ID81394_bartvdb.zipcodes (zip_id, zip_zipcode, zip_city) VALUES (5, 9000, 'Gent');